INSERT INTO department (id, name)
VALUES (1, 'English'),
       (2, 'Computer Science'),
       (3, 'Physics'),
       (4, 'Biology'),
       (5, 'Art');
SELECT SETVAL('department_id_seq', (SELECT MAX(id) FROM department));
--avoid issues with id overlap from manual inserts by resetting id counter

INSERT INTO role (id, title, salary, department_id)
VALUES (1, 'ENG Lecturer', 50000, 1),
       (2, 'ENG Asst. Prof.', 70000, 1),
       (3, 'ENG Research Prof.', 80000, 1),
       (4, 'ENG Dept. Chair', 90000, 1),
       (5, 'ENG Dean', 110000, 1),
       (6, 'ENG Teaching Asst.', 30000, 1),
       (7, 'ENG Pgm. Coordinator', 60000, 1),
       (8, 'COMPSCI Lecturer', 50000, 2),
       (9, 'COMPSCI Asst. Prof.', 70000, 2),
       (10, 'COMPSCI Research Prof.', 80000, 2),
       (11, 'COMPSCI Dept. Chair', 90000, 2),
       (12, 'COMPSCI Dean', 110000, 2),
       (13, 'COMPSCI Teaching Asst.', 30000, 2),
       (14, 'COMPSCI Pgm. Coordinator', 60000, 2),
       (15, 'PHYS Lecturer', 50000, 3),
       (16, 'PHYS Asst. Prof.', 70000, 3),
       (17, 'PHYS Research Prof.', 80000, 3),
       (18, 'PHYS Dept. Chair', 90000, 3),
       (19, 'PHYS Dean', 110000, 3),
       (20, 'PHYS Teaching Asst.', 30000, 3),
       (21, 'PHYS Pgm. Coordinator', 60000, 3),
       (22, 'BIOL Lecturer', 50000, 4),
       (23, 'BIOL Asst. Prof.', 70000, 4),
       (24, 'BIOL Research Prof.', 80000, 4),
       (25, 'BIOL Dept. Chair', 90000, 4),
       (26, 'BIOL Dean', 110000, 4),
       (27, 'BIOL Teaching Asst.', 30000, 4),
       (28, 'BIOL Pgm. Coordinator', 60000, 4),
       (29, 'ART Lecturer', 50000, 5),
       (30, 'ART Asst. Prof.', 70000, 5),
       (31, 'ART Research Prof.', 80000, 5),
       (32, 'ART Dept. Chair', 90000, 5),
       (33, 'ART Dean', 110000, 5),
       (34, 'ART Teaching Asst.', 30000, 5),
       (35, 'ART Pgm. Coordinator', 60000, 5);
SELECT SETVAL('role_id_seq', (SELECT MAX(id) FROM role));


INSERT INTO employee (id, first_name, last_name, role_id, manager_id)
VALUES  (1, 'Robert', 'Clark', 1, 4),
        (2, 'Patricia', 'Lewis', 2, 3),
        (3, 'William', 'Walker', 3, 4),
        (4, 'Elizabeth', 'Hall', 4, 5),
        (5, 'Richard', 'Allen', 5, NULL),
        (6, 'Jennifer', 'Young', 6, 1),
        (7, 'Charles', 'King', 7, 5),
        (8, 'Jessica', 'Wright', 8, 11),
        (9, 'Daniel', 'Scott', 9, 10),
        (10, 'Amanda', 'Green', 10, 11),
        (11, 'Matthew', 'Adams', 11, 12),
        (12, 'Megan', 'Baker', 12, NULL),
        (13, 'Anthony', 'Nelson', 13, 8),
        (14, 'Stephanie', 'Carter', 14, 12),
        (15, 'Joshua', 'Mitchell', 15, 18),
        (16, 'Nicole', 'Perez', 16, 17),
        (17, 'Andrew', 'Turner', 17, 18),
        (18, 'Rachel', 'White', 18, 19),
        (19, 'Thomas', 'Harris', 19, NULL),
        (20, 'Angela', 'Hill', 20, 15),
        (21, 'Brian', 'Lopez', 21, 19),
        (22, 'Michelle', 'Young', 22, 25),
        (23, 'Kevin', 'Robinson', 23, 24),
        (24, 'Emily', 'King', 24, 25),
        (25, 'Mark', 'Edwards', 25, 26),
        (26, 'Samantha', 'Brooks', 26, NULL),
        (27, 'Stephen', 'Nelson', 27, 22),
        (28, 'John', 'Smith', 28, 26),
        (29, 'Emily', 'Johnson', 29, 32),
        (30, 'Michael', 'Williams', 30, 31),
        (31, 'Sarah', 'Brown', 31, 32),
        (32, 'David', 'Jones', 32, 33),
        (33, 'Laura', 'Garcia', 33, NULL),
        (34, 'James', 'Martinez', 34, 29),
        (35, 'Linda', 'Robinson', 35, 33);
SELECT SETVAL('employee_id_seq', (SELECT MAX(id) FROM employee));